date_collected,settlement_rad,juv_mean_growth_rate,jg_2d,juv_age,age_group,meanTemp_juv,site_code
20030412,219.78,4.878571429,5.27000365,7,younger,24.78312953,PI
20030412,241.26,3.5295,4.9100009,20,older,24.59850759,PI
20030412,232.61,5.023,4.73000365,10,older,24.33432148,PI
20030412,263.55,4.97,4.90000305,13,older,24.36089545,PI
20030412,243.21,4.315806452,4.3650012,31,older,25.03534873,PI
20030414,212.19,5.622,5.26000335,10,older,24.60060935,SI
20030414,245.37,4.303571429,4.5350012,28,older,24.79532734,SI
20030415,245.95,3.68,4.35500185,23,older,24.59227053,TR
20030512,209.85,5.92,5.9900009,13,older,26.74231366,PI
20030512,248.78,3.247058824,3.27000365,17,older,26.57527174,PI
20030512,245.24,4.897857143,4.71999635,14,older,26.68727053,PI
20030513,215.06,4.973846154,5.44499845,13,older,26.82683747,SI
20030513,230.25,4.077368421,4.1800003,19,older,26.60691123,SI
20030513,219.03,5.021176471,5.08499845,17,older,26.66531804,SI
20030513,254.57,3.994375,4.1750067,16,older,26.69783674,SI
20030513,222.85,4.407142857,4.3549988,21,older,26.52446476,SI
20030513,236.15,4.352857143,4.17000275,21,older,26.52446476,SI
20030513,262.83,4.288125,4.35500425,16,older,26.69783674,SI
20030609,227.18,4.421666667,4.53999725,12,older,28.63205128,PI
20030609,219.36,4.559444444,4.72000155,18,older,28.49428871,PI
20030609,222.29,5.827857143,6.16499755,14,older,28.58444444,PI
20030609,199.66,3.9204,4.73500245,25,older,28.35464047,PI
20030609,230.35,4.5525,4.35000155,20,older,28.46546756,PI
20030609,232.67,3.522758621,3.6350012,29,older,28.24362923,PI
20030609,251.47,4.93625,5.08999695,24,older,28.38499275,PI
20030609,228.59,4.434814815,4.16999635,27,older,28.30713639,PI
20030609,236.76,4.332413793,4.8999988,29,older,28.24362923,PI
20030609,236.09,4.358214286,4.7199994,28,older,28.2799038,PI
20030610,227.63,5.3725,5.4649988,8,younger,28.84768519,SI
20030610,229.19,6.576666667,6.3499997,15,older,28.61614583,SI
20030610,193.4,5.193125,5.44499665,16,older,28.58552856,SI
20030610,221.51,4.890666667,5.08499635,15,older,28.61614583,SI
20030610,212.52,4.557272727,4.90000365,22,older,28.47952111,SI
20030709,228.75,4.705,4.73000335,16,older,29.03608269,PI
20030709,205.88,4.53,4.89000185,6,younger,28.91322464,PI
20030709,225.82,4.840833333,5.08500275,12,older,29.0007107,PI
20030709,227.22,4.798888889,5.6250006,9,younger,28.97884058,PI
20030709,198.73,6.163333333,6.1649988,3,younger,28.94814312,PI
20030709,209.45,5.16,5.27999725,6,younger,28.91322464,PI
20030709,222.62,4.556363636,4.90499635,22,older,29.09732199,PI
20030709,223.45,5.185833333,5.81999815,12,older,29.0007107,PI
20030709,207.95,5.805,5.62499845,6,younger,28.91322464,PI
20030709,223.56,5.005384615,5.27000305,13,older,29.01226708,SI
20030808,209.79,5.95375,6.17999695,8,younger,29.97803945,PI
20030808,227.82,4.045,4.3549994,20,older,29.69971532,PI
20030808,229.63,5.94,6.89000185,8,younger,29.97803945,PI
20030808,207.03,4.763636364,4.73000275,11,older,29.89950181,PI
20030808,249.77,5.334285714,5.9800055,7,younger,30.00550272,PI
20030808,208.8,5.835714286,6.1699997,14,older,29.79404589,PI
20030808,212.95,5.87,6.3449997,11,older,29.89950181,PI
20030808,219.71,6.123333333,6.34499695,9,younger,29.94773551,PI
20030808,199.87,5.362857143,5.2599997,14,older,29.79404589,PI
20030808,197.02,5.251111111,5.82000185,18,older,29.72643974,PI
20030808,212.04,5.678888889,5.6199994,9,younger,29.94773551,PI
20030808,214.49,5.311818182,5.07999695,11,older,29.89950181,PI
20030808,207.14,6.457333333,6.16999785,15,older,29.77358469,PI
20030808,227.44,5.434666667,5.6400006,15,older,29.77358469,PI
20030808,217.64,5.755333333,5.9850003,15,older,29.77358469,PI
20030808,216.14,6.274,6.34999815,10,older,29.92369895,PI
20030808,220.33,7.054666667,7.61000155,15,older,29.77358469,PI
20030808,223.69,5.0825,5.08000305,4,younger,30.06547101,PI
20030808,192.59,6.116,5.81999785,5,younger,30.05039251,PI
20030808,203.77,5.65,5.6299994,9,younger,29.94773551,TR
20030808,176.46,5.436666667,5.6150012,3,younger,30.05058877,TR
20030809,207.43,6.187272727,6.0050012,11,older,29.94602959,SI
20030809,204.41,4.767391304,5.8099994,23,older,29.70322313,SI
20030809,209.14,5.223636364,5.09000365,11,older,29.94602959,SI
20030809,212.51,5.512,5.98499785,5,younger,30.08650362,SI
20030809,186.14,6.35,5.98999755,10,older,29.96991107,SI
20030809,222.1,5.848571429,5.79999845,7,younger,30.04769022,SI
20030809,198.58,5.01,4.90000245,10,older,29.96991107,SI
20030809,213.66,5.287,5.25000185,10,older,29.96991107,SI
20030809,221.98,4.847272727,5.26,11,older,29.94602959,SI
20030809,230.47,5.408,5.08000245,10,older,29.96991107,SI
20030809,231.27,6.171666667,6.3500006,6,younger,30.07057453,SI
20030809,217.7,5.304285714,5.61499635,14,older,29.84626812,SI
20030809,231.47,4.318235294,4.0000006,17,older,29.78415862,SI
20030904,228.97,5.443,5.08000245,10,older,29.87462121,SI
20030904,214.5,5.151666667,5.08999635,6,younger,29.67380952,SI
20030904,192.51,5.3475,5.62,4,younger,29.63083333,SI
20030904,209.4,5.124285714,5.43500215,7,younger,29.72083333,SI
20030904,199.83,5.014,5.2650003,5,younger,29.63541667,SI
20030904,217.7,5.433333333,5.4299988,3,younger,29.61875,SI
20030905,223.7,4.971428571,5.61499635,7,younger,29.63489583,PI
20030905,194.59,4.711428571,5.07500275,7,younger,29.63489583,PI
20030905,226.28,5.508333333,5.80999695,6,younger,29.59642857,PI
20030905,199.56,4.789333333,4.71500275,15,older,29.82864583,PI
20030905,229.13,4.841176471,5.25999695,17,older,29.88009259,PI
20030905,206.08,5.4664,5.44999785,25,older,30.01826923,PI
20030905,226.02,4.8825,4.36000275,16,older,29.85612745,PI
20030905,212.67,4.617,4.73000245,20,older,29.91924603,PI
20030905,237.08,4.91,4.90000245,21,older,29.93257576,PI
20030905,203.02,5.1,5.61999725,15,older,29.82864583,WB
20031007,220.69,4.266842105,4.905,19,older,29.57918245,SI
20031007,169.79,5.77125,5.45499845,8,younger,29.44557166,SI
20031007,193.1,5.382857143,5.79999845,14,older,29.50919082,SI
20031007,201.4,4.95,5.06999665,3,younger,29.32083333,SI
20031007,209.57,4.64,4.9099997,4,younger,29.385,SI
20031007,228.07,5.265625,5.62500365,16,older,29.54203538,SI
20031007,222.3,4.486,4.54000245,20,older,29.57561027,SI
20031007,205.71,5.214,5.25000335,5,younger,29.42807971,SI
20031007,240.03,4.74375,5.08499845,16,older,29.54203538,SI
20031009,223.39,5.456666667,5.45500155,3,younger,28.96979167,PI
20031009,194.17,5.615,5.80000215,4,younger,29.0775,PI
20031009,207.31,4.963529412,4.36499665,17,older,29.45215378,PI
20031009,215.91,4.954736842,4.7250003,19,older,29.48885507,PI
20031105,216.03,4.220625,4.53500305,16,older,27.9119276,SI
20031105,191.55,5.0452,5.45500335,25,older,28.27670907,SI
20031105,205.36,4.503478261,4.34500155,23,older,28.2129626,SI
20031105,192.39,4.546,4.91000335,20,older,28.07156044,SI
20031105,209.33,4.361363636,4.5449991,22,older,28.17041025,SI
20031105,213.72,4.0525,5.08999695,20,older,28.07156044,SI
20031113,247.81,4.485909091,4.89500305,22,older,27.65301895,PI
20031212,229,3.211785714,3.4599991,28,older,26.299494,PI
20040310,210.15,4.316785714,4.175,28,older,23.88692529,PI
20040503,248.92,3.703333333,4.0000067,21,older,24.59341238,SI
20040701,240.24,4.959444444,5.62500275,18,older,29.6027512,PI
20040701,202.21,5.343846154,5.64000275,13,older,29.70135281,PI
20040701,245.73,4.447647059,4.72499635,17,older,29.640867,PI
20040701,228.72,4.908333333,4.9049994,6,younger,29.99020563,PI
20040701,196.53,4.577333333,4.5400003,15,older,29.68295455,PI
20040701,206.92,5.496428571,5.4449988,14,older,29.69570707,SI
20040701,204.41,5.30875,5.2650012,8,younger,29.9243266,SI
20040701,239.78,5.304,5.2649988,15,older,29.68295455,SI
20040726,219.32,5.155217391,4.9099997,23,older,29.83125,PI
20040830,206.35,5.085625,5.26500245,16,older,30.28400469,SI
20040830,214.56,4.911764706,5.26499815,17,older,30.28905998,SI
20040831,204.02,4.613333333,5.07999635,24,older,30.21262319,PI
20040831,230.25,5.254,5.62999725,15,older,30.3520154,PI
20040831,245.9,4.878823529,4.7300003,17,older,30.31591184,PI
20040831,230.79,4.741333333,4.7150006,15,older,30.3520154,PI
20040831,213.69,4.886111111,5.26999785,18,older,30.31902174,PI
20040831,221.56,5.025,5.4400012,14,older,30.38187198,PI
20040831,232.37,4.93875,5.43500275,8,younger,30.54987923,PI
20041005,215.45,5.068333333,5.24999845,6,younger,28.63809524,SI
20041026,207.65,4.694545455,4.7300003,11,older,27.94097222,PI
20050427,222.18,5.5275,5.6199991,4,younger,24.6425,PI
20050427,214.62,5.127142857,5.43500275,7,younger,24.61354167,PI
20050427,216.53,4.644,4.9000009,5,younger,24.65138889,PI
20050427,242.25,4.772857143,5.0849991,7,younger,24.61354167,PI
20050427,216.56,5.306,5.6350009,5,younger,24.65138889,PI
20050427,195.63,5.1625,5.2549997,4,younger,24.6425,PI
20050427,197.73,4.76125,4.89500215,8,younger,24.57731481,PI
20050427,210.66,4.7225,4.54000275,8,younger,24.57731481,PI
20050429,230.89,4.930833333,4.9000012,12,older,24.46602564,SI
20050429,233.25,4.905,4.9049988,4,younger,24.57666667,SI
20050429,204.03,4.93,5.07499635,5,younger,24.65069444,SI
20050429,234.57,4.447692308,4.36500155,13,older,24.40327381,SI
20050429,246.68,5.093636364,5.2750055,11,older,24.51979167,SI
20050429,242.16,4.224545455,4.17499725,11,older,24.51979167,SI
20050429,271.44,5.27,5.63499575,4,younger,24.57666667,SI
20050523,223.29,3.710952381,3.62499665,21,older,25.6094697,PI
20050523,226.22,4.252307692,4.36499845,13,older,25.76428571,PI
20050523,240.65,4.547647059,5.2599991,17,older,25.7212963,PI
20050523,216.73,3.9275,3.99999785,20,older,25.64801587,PI
20050523,218.78,3.888181818,4.55000245,22,older,25.58152174,PI
20050523,219.81,3.5845,3.81999845,20,older,25.64801587,PI
20050523,220.86,4.426666667,4.36499815,12,older,25.80128205,PI
20050523,232.74,4.033636364,4.3650006,22,older,25.58152174,PI
20050523,225.57,4.226818182,4.53999695,22,older,25.58152174,PI
20050523,216.8,3.740909091,3.9899994,22,older,25.58152174,PI
20050523,229.75,4.506666667,4.90000155,12,older,25.80128205,PI
20050523,204.88,4.759230769,4.54999785,13,older,25.76428571,PI
20050523,214.64,4.279047619,3.9999997,21,older,25.6094697,PI
20050523,231.65,4.2408,4.71999815,25,older,25.48701923,PI
20050523,232.81,3.695238095,4.16999695,21,older,25.6094697,PI
20050523,232.21,3.507391304,3.99499845,23,older,25.55277778,PI
20050523,221.02,4.178666667,5.07000185,15,older,25.72317708,PI
20050523,239.13,4.989166667,5.07999665,12,older,25.80128205,PI
20050523,226.97,4.263043478,3.80999815,23,older,25.55277778,PI
20050523,255.57,4.586153846,4.7249945,13,older,25.76428571,PI
20050523,250.84,4.261666667,4.54499635,18,older,25.72127193,PI
20050523,221.05,4.216153846,4.35499725,26,older,25.45570988,PI
20050523,232.57,3.856111111,4.90500245,18,older,25.72127193,PI
20050523,220.03,4.39,4.36499725,14,older,25.71861111,PI
20050523,223.37,4.583333333,4.53999845,21,older,25.6094697,PI
20050524,225.95,4.330769231,4.17500155,13,older,25.82857143,SI
20050524,233.85,4.14,4.36000365,15,older,25.74765625,SI
20050524,225.16,4.031666667,4.0049991,24,older,25.578,SI
20050524,226.84,3.794090909,4.35500155,22,older,25.63442029,SI
20050524,237.7,4.017368421,4.54499665,19,older,25.744375,SI
20050524,235.81,3.990833333,4.17500185,12,older,25.86442308,SI
20050524,212.87,4.248095238,4.35000365,21,older,25.67234848,SI
20050524,191.47,4.858,4.89499725,5,younger,26.22291667,SI
20050524,240.62,3.946190476,4.90499635,21,older,25.67234848,SI
20050524,233.39,4.133157895,4.54499785,19,older,25.744375,SI
20050524,262.22,4.127777778,4.19000305,9,younger,25.99958333,SI
20050524,257.67,3.697391304,3.45000365,23,older,25.60659722,SI
20050615,230.5,4.023333333,4.5400009,12,older,27.94070513,SI
20050615,182.27,5.325,5.6299994,6,younger,28.00654762,SI
20050615,232.49,4.526153846,4.89999665,13,older,27.98363095,SI
20050615,212.18,4.896428571,5.25999845,14,older,28.01083333,SI
20050615,219.5,5.226923077,5.0849991,13,older,27.98363095,SI
20050615,203.6,4.782307692,5.0899994,13,older,27.98363095,SI
20050615,213.17,4.462307692,4.71500305,13,older,27.98363095,SI
20050615,245.1,4.804615385,5.08500215,13,older,27.98363095,SI
20050615,217.39,4.387857143,4.72499815,14,older,28.01083333,SI
20050615,204.52,5.318333333,5.97999785,6,younger,28.00654762,SI
20050615,246.31,4.4275,5.0850055,16,older,27.99558824,SI
20050617,236.14,4.89,5.2649991,13,older,28.02619048,PI
20050617,224.77,4.144117647,4.54000305,17,older,28.09074074,PI
20050617,232.51,4.763636364,5.63999665,22,older,27.8076087,PI
20050617,217.7,4.312666667,4.72499695,15,older,28.06588542,PI
20050617,220.02,5.083076923,5.0850012,13,older,28.02619048,PI
20050617,235.89,4.84,5.0849988,6,younger,28.17619048,PI
20050617,201.86,3.887727273,4.3499988,22,older,27.8076087,PI
20050617,224.71,4.607857143,4.895,14,older,28.03416667,PI
20050719,201.52,4.416428571,4.7250006,14,older,29.20916667,PI
20050719,226.82,5.44375,5.44500335,16,older,29.1622549,PI
20050719,202.39,6.202857143,6.17500275,14,older,29.20916667,PI
20050719,232.43,5.084,5.6300012,10,older,29.11136364,PI
20050722,213.57,6.045882353,5.99000155,17,older,29.24583333,SI
20050722,209.64,6.104,6.17500275,15,older,29.23177083,SI
20050722,229.62,5.507272727,5.80499785,11,older,29.18611111,WB
20050817,206.32,5.944090909,5.4500006,22,older,30.4076087,SI
20050817,221.48,5.265,5.81000305,16,older,30.66078431,SI
20050817,215.4,3.850833333,4.18500215,12,older,30.85929487,SI
20050817,228.12,5.320588235,5.6349997,17,older,30.62546296,SI
20050817,209.07,5.168571429,5.45499785,14,older,30.76527778,SI
20050817,205.44,5.327,5.25499845,10,older,30.93522727,SI
20050817,211.62,5.798,5.79500335,10,older,30.93522727,SI
20050817,201.88,6.131666667,5.97999815,12,older,30.85929487,SI
20050819,214.03,5.943571429,6.5400003,14,older,30.86305556,PI
20050819,266.92,4.864117647,5.8049994,17,older,30.73101852,PI
20050819,237.99,5.897692308,5.99499785,13,older,30.89910714,PI
20050819,223.31,6.535333333,7.2600009,15,older,30.82708333,PI
20050819,222.05,5.985882353,5.81499635,17,older,30.73101852,PI
20050819,231.9,5.313571429,5.0799988,14,older,30.86305556,PI
20050819,228.13,5.533076923,5.99499755,13,older,30.89910714,PI
20050819,214.9,5.068125,4.9100006,16,older,30.77965686,PI
20050819,221.71,5.001904762,5.6300006,21,older,30.56856061,PI
20050819,222.19,6.056842105,6.71499755,19,older,30.65166667,PI
20050819,234.02,5.663636364,5.9750006,11,older,30.95486111,PI
20050819,211.67,5.255,5.80000215,4,younger,31.06916667,PI
20050819,206.17,5.544,6.5250006,10,older,30.99090909,PI
20050924,216.78,5.688888889,6.35500275,18,older,29.46663633,PI
20050924,223.14,6.471666667,6.16999785,6,younger,29.59334416,PI
20050924,218.13,6.335454545,6.53499845,11,older,29.53120197,PI
20050924,229.6,4.684736842,5.2699997,19,older,29.46809618,SI
20050924,229.04,5.495882353,5.6349988,17,older,29.46038464,SI
20050924,216.24,4.825555556,4.90500155,18,older,29.46663633,SI
20050924,212.05,5.0632,4.90999755,25,older,29.52014923,SI
20050924,212.39,6.618461538,6.71500365,13,older,29.50710168,SI
20050924,230.04,4.716842105,5.07999845,19,older,29.46809618,SI
20051012,226.05,5.5125,6.18000185,12,older,28.87532051,SI
20051014,240.06,5.810909091,5.98999665,22,older,29.02373188,PI
20051014,251.85,5.181666667,5.4449951,18,older,28.9379386,PI
20051014,222.31,6.0845,5.99500155,20,older,28.99623016,PI
20051014,184.72,6.0775,6.16500155,4,younger,28.72833333,PI
20051014,230.17,6.161111111,6.16000275,9,younger,28.7425,PI
20051121,204.94,3.798636364,3.99499635,22,older,26.21785714,PI
20051121,202.83,4.140869565,4.5449991,23,older,26.2984375,PI
20051121,221.26,3.606296296,4.54500305,27,older,26.42474747,PI
20051121,213.24,4.1,3.99499785,28,older,26.57861305,PI
20051121,206.04,3.86125,4.54500245,24,older,26.29490741,PI
20051121,226,4.089545455,4.53500365,22,older,26.21785714,SI
20051121,217.24,4.762666667,5.43999755,15,older,26.21785714,SI
20051121,223.26,4.738,5.45000185,20,older,26.21785714,SI
20051121,242.99,3.952,4.36000335,25,older,26.30541667,SI
20051121,213.94,3.644736842,4.01000335,19,older,26.21785714,SI
20051121,210.63,3.84,3.82000215,27,older,26.42474747,SI
20051121,227.95,4.414761905,4.54499665,21,older,26.21785714,SI
20051121,205.43,4.674285714,4.35999695,21,older,26.21785714,SI
20051121,196.19,4.134761905,4.18000155,21,older,26.21785714,SI
20060116,233.09,4.532666667,5.27000245,15,older,23.13913886,SI
20060116,225.69,6.208888889,5.6250012,9,younger,22.80470551,SI
20060116,229.66,5.434,5.6149997,5,younger,22.91349206,SI
20060314,212.06,4.594210526,5.09000275,19,older,23.47832143,SI
20060314,240.02,3.939444444,4.5450003,18,older,23.45369048,SI
20060417,264.47,5.641428571,5.80000365,7,younger,25.4234375,PI
20060417,239.3,4.335,4.35499725,16,older,25.14093137,PI
20060418,239.92,5.384285714,5.62000185,7,younger,25.490625,SI
20060418,240.76,6.041818182,5.81000245,11,older,25.35,SI
20060508,236.93,4.633125,4.35999695,16,older,26.29254049,PI
20060509,255.68,5.72125,5.8149988,8,younger,26.14305556,SI
20060509,218.42,4.810714286,4.55000215,14,older,26.31833333,SI
20060509,204.87,5.479166667,5.27000185,12,older,26.23814103,SI
20060509,245.81,5.49,5.6349933,10,older,26.14090909,SI
20060509,209.68,3.834,4.17999665,20,older,26.26142167,SI
20060509,224.16,4.515454545,5.09500305,22,older,26.2241966,SI
20060509,252.25,5.088571429,5.27000425,7,younger,26.2125,SI
20060509,235.49,5.266923077,5.07000245,13,older,26.29166667,SI
20060607,203.08,4.562,4.91500185,15,older,27.678125,PI
20060607,209.51,4.591764706,5.0799991,17,older,27.57569444,PI
20060607,207.5,5.804375,6.16999815,16,older,27.6375,PI
20060607,222.06,4.940769231,5.0800006,13,older,27.74494048,PI
20060607,215.18,5.214210526,5.62499635,19,older,27.435625,PI
20060607,215.53,4.4825,4.3450006,16,older,27.6375,PI
20060607,215.5,4.418421053,4.91000365,19,older,27.435625,PI
20060607,203.73,4.507058824,5.08499695,17,older,27.57569444,PI
20060607,205.02,4.602631579,5.07999635,19,older,27.435625,PI
20060607,230.12,4.829285714,4.90499635,14,older,27.71055556,PI
20060607,200.56,4.69,4.52999755,15,older,27.678125,PI
20060607,208.56,5.37,5.27000305,9,younger,28.00375,PI
20060607,211.94,5.82,NA,1,younger,28.07708333,PI
20060607,193.25,4.836666667,4.71499635,3,younger,28.109375,PI
20060609,201.08,4.751818182,5.2650003,11,older,28.06875,SI
20060609,210.98,4.569375,3.81999755,16,older,27.79093137,SI
20060609,202.1,6.52,NA,1,younger,28.39375,SI
20060609,187.31,6.34,6.34000275,4,younger,28.20833333,SI
20060609,187.15,5.9725,5.97500305,8,younger,28.23148148,SI
20060609,228.84,4.625333333,4.7199994,15,older,27.82604167,SI
20060609,200.17,4.981428571,5.45000365,7,younger,28.2265625,SI
20060609,218.89,5.081666667,5.2649991,6,younger,28.23095238,SI
20060706,213.87,5.356666667,5.6200003,9,younger,29.05375,PI
20060706,226.48,4.475625,4.72499635,16,older,28.83048806,PI
20060706,212.2,5.122142857,5.27999725,14,older,28.89871981,PI
20060706,213.05,5.435,5.6149994,4,younger,29.33583333,PI
20060706,201.22,5.676,6.0000006,10,older,28.99787549,PI
20060706,208.81,5.456666667,5.81999845,3,younger,29.33645833,PI
20060706,208.31,5.145384615,5.09000275,13,older,28.92214027,PI
20060706,213.77,6.423333333,6.5450003,3,younger,29.33645833,PI
20060706,212.81,5.576666667,5.81999845,3,younger,29.33645833,PI
20060706,237.14,5.765,6.17500275,8,younger,29.13611111,PI
20060706,195.59,5.45,5.45000275,2,younger,29.35833333,PI
20060706,227.95,4.5975,5.46500245,8,younger,29.13611111,PI
20060706,201.02,5.735,5.7950003,6,younger,29.27738095,PI
20060706,200.08,6.1625,6.16500185,4,younger,29.33583333,PI
20060706,233.88,5.205555556,5.26500185,9,younger,29.05375,PI
20060706,232.41,6.345,6.70500365,4,younger,29.33583333,PI
20060706,233.78,6.005454545,6.16999755,11,older,28.96402476,PI
20060707,201.86,6.27375,6.54499845,8,younger,29.22268519,SI
20060707,196.34,5.154,5.44499785,15,older,28.91859149,SI
20060707,230.29,4.72875,5.27499815,8,younger,29.22268519,SI
20060707,209.45,5.308,5.45000305,5,younger,29.31597222,SI
20060707,221.6,5.668,5.63499755,10,older,29.06856061,SI
20060707,223.26,5.49,5.8149997,10,older,29.06856061,SI
20060707,229.08,5.365555556,5.80999845,9,younger,29.14416667,WB
20060815,197.68,5.97,5.96999755,2,younger,29.86527778,SI
20060815,197.16,6.112,6.1849994,5,younger,29.71588164,SI
20060815,173.43,5.563333333,5.4399988,9,younger,29.76869565,SI
20060815,213.8,4.71,4.7100006,2,younger,29.86527778,SI
20060912,205.13,5.152142857,5.25999695,14,older,29.97309179,PI
20060912,235.34,4.114545455,4.3449994,11,older,29.90976751,PI
20060912,218.12,5.080952381,5.2599997,21,older,30.08827779,PI
20060912,238.3,5.419166667,5.26999815,12,older,29.91029822,PI
20060912,226.06,5.269166667,5.8150012,12,older,29.91029822,PI
20060912,223.36,5.2975,5.27500185,16,older,30.04205514,PI
20060912,213.37,5.837391304,5.98499815,23,older,30.08421992,PI
20060913,229.81,4.3565,4.9000003,20,older,30.11176203,SI
20061010,213.3,5.935454545,6.16500245,11,older,29.56840278,PI
20061108,211.2,5.462307692,5.98000185,13,older,27.26875,PI
20061108,209.05,4.62,5.2549988,16,older,27.53189471,PI
20061108,195.8,4.7225,4.72000275,12,older,27.25064103,PI
20061109,203.15,4.701875,5.0900009,16,older,27.43508099,SI
20061109,206.86,4.200555556,4.3600009,18,older,27.59344966,SI
20061109,224.67,4.6275,4.7200003,8,younger,27.03101852,SI
20061109,210.5,3.883,4.35500335,20,older,27.71788302,SI
20061109,197.43,4.665833333,4.72500245,12,older,27.22083333,SI
20061109,200.14,4.323076923,4.34999815,13,older,27.25297619,SI
20061109,199.93,4.39125,4.71000305,8,younger,27.03101852,SI
20070103,220.74,3.657272727,3.80500305,11,older,25.41805556,PI
20070108,229.69,5.326,5.4349988,10,older,25.69734848,SI
20070108,218.35,5.068571429,5.09499665,14,older,25.61055556,SI
20070301,210.14,5.098461538,5.4599988,13,older,22.92620459,SI
20070301,233.07,4.73375,4.5499991,8,younger,22.93657407,SI
20070301,211.82,5.37,5.4500006,9,younger,22.74875,SI
20070301,209.37,5.658461538,5.82500215,13,older,22.92620459,SI
20070301,206.55,5.1275,5.4450012,8,younger,22.93657407,SI
20070301,222.31,5.359,5.2499988,10,older,22.73863636,SI
20070404,234.06,5.450909091,5.08499785,11,older,24.8736564,SI
20070404,261.49,4.794,4.54000365,15,older,24.67336129,SI
20070404,209.24,4.946666667,4.88499725,6,younger,25.00960145,SI
20070405,212.64,4.746470588,4.72499815,17,older,24.65502485,PI
20070405,231.41,4.554444444,4.90000335,18,older,24.63063758,PI
20070405,223.14,5.2525,5.61499755,8,younger,25.01765298,PI
20070429,217.12,5.384285714,5.25500245,7,younger,25.16972373,PI
20070429,235.64,5.292,5.25499695,10,older,24.85584651,PI
20070429,234.95,5.374444444,5.6350006,9,younger,24.93226449,PI
20070429,208.23,4.815,5.27000215,8,younger,25.03492351,PI
20070429,230.3,5.30375,5.61999665,8,younger,25.03492351,PI
20070429,199.77,4.278,4.8949988,15,older,24.79542572,PI
20070429,198.99,5.076666667,5.255,3,younger,25.47694746,PI
20070429,217.61,4.957777778,5.8050006,9,younger,24.93226449,PI
20070430,209.27,5.005,5.80500245,10,older,24.99334651,SI
20070430,192.74,5.295625,5.63499725,16,older,24.84299872,SI
20070430,188.51,4.488333333,4.9100009,12,older,24.84244705,SI
20070430,230.37,5.514,5.44,5,younger,25.54852053,SI
20070430,187.36,5.784,5.6399997,10,older,24.99334651,SI
20070430,249.29,4.096363636,4.54500245,11,older,24.91820652,SI
20070430,215.76,4.236,4.5249988,10,older,24.99334651,SI
20070430,238.51,4.615714286,5.08499635,7,younger,25.3348279,SI
20070430,227.95,4.696666667,4.73000185,12,older,24.84244705,SI
20070430,223.02,5.276666667,5.2800009,6,younger,25.47730331,SI
20070430,230.11,4.84,4.90000185,9,younger,25.09184783,SI
20070605,210.32,4.702222222,4.90500245,18,older,27.10327994,PI
20070605,229.79,5.24125,5.81000185,16,older,27.06204177,PI
20070605,253.8,4.623125,5.79999695,16,older,27.06204177,PI
20070605,212.49,4.722105263,4.7250012,19,older,27.10978261,SI
20070605,237.52,4.216086957,4.17499755,23,older,27.07221467,SI
20070605,215.93,4.947777778,4.90500275,18,older,27.10327994,SI
20070605,242.01,4.995833333,5.08499635,12,older,26.81446488,SI
20070605,213.35,4.576111111,4.7149994,18,older,27.10327994,SI
20070605,231.83,4.8375,5.63500305,16,older,27.06204177,SI
20070605,230.73,4.549444444,4.9149988,18,older,27.10327994,SI
20070605,231.82,5.008571429,4.90500245,14,older,26.93809179,SI
20070605,236.17,5.372142857,5.62999635,14,older,26.93809179,SI
20070605,244.88,4.094285714,4.1700006,14,older,26.93809179,SI
20070605,213.88,4.884736842,5.43999725,19,older,27.10978261,SI
20070605,235.62,4.900833333,4.7199988,12,older,26.81446488,SI
20070605,196.38,4.914615385,4.89999635,13,older,26.87176501,TR
20070605,219.08,4.564166667,5.26000305,12,older,26.81446488,TR
20070619,212.36,5.563333333,5.6250003,3,younger,27.70380435,PI
20070619,222.49,4.65,5.07000245,6,younger,27.70580887,PI
20070619,194.54,4.565555556,4.72500275,9,younger,27.49016469,PI
20070619,211.04,5.256666667,5.0750012,6,younger,27.70580887,PI
20070619,228.24,4.4,4.54000365,8,younger,27.57240521,PI
20070619,206.13,5.1625,5.25000245,4,younger,27.71758893,PI
20070619,208.81,5.615,5.61499665,2,younger,27.63285024,PI
20070619,202.11,4.2625,4.53499635,4,younger,27.71758893,PI
20070619,211.29,4.93,5.0750012,5,younger,27.72552701,PI
20070619,222.82,4.762,5.4500006,10,older,27.44147203,PI
20070619,221.3,4.785,5.0850006,6,younger,27.70580887,PI
20070619,195.01,4.656153846,5.43500245,13,older,27.30187865,PI
20070619,203,4.833333333,4.8899994,9,younger,27.49016469,PI
20070619,211.99,5.355,5.63,4,younger,27.71758893,PI
20070619,223.33,5.07625,5.62000365,8,younger,27.57240521,PI
20070619,208.28,5.26125,5.4449991,8,younger,27.57240521,PI
20070619,184.42,4.865714286,4.88999845,7,younger,27.65906003,PI
20070619,203.43,4.844166667,4.90500275,12,older,27.33279239,SI
20070619,222.45,4.3475,4.525,4,younger,27.71758893,SI
20070619,214.92,4.236666667,4.3599997,3,younger,27.70380435,SI
20070619,227.45,5.5325,5.8049988,4,younger,27.71758893,SI
20070619,223.36,5.068571429,5.2500003,7,younger,27.65906003,SI
20070619,223.76,3.562307692,4.3550006,26,older,27.06719795,SI
20070619,198.69,5.34,5.80500155,11,older,27.36990009,SI
20070619,231.72,3.790625,3.80999815,16,older,27.16772359,SI
20070619,219.75,4.867,4.5400009,10,older,27.44147203,SI
20070619,212.49,5.286666667,5.9900006,9,younger,27.49016469,SI
20070619,219.49,4.87,4.90500155,10,older,27.44147203,SI
20070619,231.58,5.146,5.43499845,5,younger,27.72552701,SI
20070619,204.1,4.875714286,5.08500215,7,younger,27.65906003,SI
20070619,217.31,4.90625,5.09000275,8,younger,27.57240521,SI
20070619,207.93,4.9,4.89999785,2,younger,27.63285024,SI
20070619,204.32,5,4.55499635,11,older,27.36990009,SI
20070619,219.96,4.71,4.89000275,5,younger,27.72552701,SI
20070619,215.19,4.8075,5.26000335,8,younger,27.57240521,SI
20070726,228.13,5.642222222,5.07999665,9,younger,30.25163043,PI
20070726,209.91,4.751666667,4.72000305,12,older,30.2817029,PI
20070726,194.35,6.147692308,6.3549988,13,older,30.26903468,PI
20070726,219.44,5.674285714,5.80500155,14,older,30.2452657,PI
20070726,250.13,4.921111111,5.08000425,18,older,30.19012204,PI
20070726,238.66,5.207222222,5.81499665,18,older,30.19012204,PI
20070726,229.14,5.014285714,5.2750012,14,older,30.2452657,PI
20070726,220.99,4.84,5.09499635,17,older,30.19860105,PI
20070726,244.18,4.706,5.09499755,15,older,30.22290534,PI
20070726,223.26,5.481538462,5.45000185,13,older,30.26903468,PI
20070726,187.71,4.71,4.89000275,3,younger,30.41268116,PI
20070726,209.28,6.094,6.3450006,5,younger,30.35271739,PI
20070726,208.74,5.295625,6.00000275,16,older,30.20881287,PI
20070726,231.14,6.49625,6.3600003,8,younger,30.29116345,PI
20070726,214.9,4.7875,5.0900009,12,older,30.2817029,PI
20070726,212.56,5.123,5.45000335,10,older,30.24731555,PI
20070726,218.73,6.431,5.63000275,10,older,30.24731555,PI
20070726,227.27,5.403636364,4.89000155,11,older,30.26837258,PI
20070726,199.97,6.17,6.1699988,6,younger,30.31661491,PI
20070726,215.52,6.65,6.7100012,3,younger,30.41268116,PI
20070726,217.33,5.623333333,5.98500155,6,younger,30.31661491,PI
20070726,223.83,5.58625,5.44999785,16,older,30.20881287,PI
20070726,233.35,5.9425,5.98500365,8,younger,30.29116345,PI
20070726,211.49,4.724,4.7250012,15,older,30.22290534,PI
20070726,205.56,5.1975,5.80999635,16,older,30.20881287,PI
20070726,224.93,5.17,5.44500365,4,younger,30.38492754,PI
20070726,204.1,5.277058824,5.8100006,17,older,30.19860105,PI
20070726,224.86,5.118181818,5.2649997,11,older,30.26837258,PI
20070726,217.67,5.814545455,6.1799994,11,older,30.26837258,PI
20070726,203.04,5.993,6.1749997,10,older,30.24731555,PI
20070726,211.79,5.658,5.80499695,5,younger,30.35271739,PI
20070726,227.95,6.09,5.81000365,9,younger,30.25163043,PI
20070726,188.02,6.52,6.5199988,2,younger,30.45440821,PI
20070726,230.63,5.275,5.8249994,8,younger,30.29116345,PI
20070726,207.91,5.334545455,6.1550006,11,older,30.26837258,PI
20070726,205.59,5.587857143,6.18500335,14,older,30.2452657,PI
20070726,214.26,5.6175,5.62,4,younger,30.38492754,PI
20070726,217.44,5.5275,5.79999665,4,younger,30.38492754,PI
20070726,209.47,6.281666667,6.51999725,6,younger,30.31661491,PI
20070726,184.35,5.44375,5.9900009,8,younger,30.29116345,PI
20070726,194.85,6.7125,7.075,4,younger,30.38492754,PI
20070726,239.72,5.642222222,5.8050009,9,younger,30.25163043,SI
20070726,231.15,6.6125,6.8849991,4,younger,30.38492754,SI
20070726,227.22,5.341428571,5.265,7,younger,30.29370471,SI
20070726,238.24,5.837142857,5.8100003,14,older,30.2452657,SI
20070726,201.59,5.7125,5.9849988,4,younger,30.38492754,SI
20070726,209.3,6.396666667,6.5150009,3,younger,30.41268116,SI
20070726,226.54,5.363333333,5.45499845,12,older,30.2817029,SI
20070726,235.11,4.852666667,5.09500155,15,older,30.22290534,SI
20070726,216.29,5.442857143,5.07999845,7,younger,30.29370471,SI
20070726,218.25,5.63875,5.8199997,8,younger,30.29116345,SI
20070726,199.16,5.493571429,5.9899997,14,older,30.2452657,SI
20070726,226.9,5.497142857,5.99000245,7,younger,30.29370471,SI
20070726,232.49,4.42,4.7250012,6,younger,30.31661491,SI
20070726,207.92,4.89,4.5250006,10,older,30.24731555,SI
20070726,220.03,5.165,5.2750009,10,older,30.24731555,SI
20070726,211.46,5.15,5.43999815,10,older,30.24731555,SI
20070726,217.8,5.663,5.4450012,10,older,30.24731555,SI
20070726,190.42,5.524,5.81500155,5,younger,30.35271739,SI
20070726,207.06,5.61,5.6099994,4,younger,30.38492754,SI
20070726,224,5.577272727,5.80999755,11,older,30.26837258,SI
20070726,216.5,4.856666667,5.4300003,12,older,30.2817029,SI
20070726,246.47,5.21,5.44999755,6,younger,30.31661491,SI
20070726,213.56,4.713333333,4.89500305,6,younger,30.31661491,SI
20070726,191.45,5.215,5.65499725,10,older,30.24731555,SI
20070726,208.61,6.49,6.3600009,7,younger,30.29370471,SI
20070726,239.87,5.298,5.26499695,5,younger,30.35271739,SI
20070726,208.63,5.177777778,4.91500335,9,younger,30.25163043,SI
20070726,210.52,5.212307692,5.4349997,13,older,30.26903468,SI
20070726,225.12,5.076,5.44,5,younger,30.35271739,SI
20070726,257.36,4.978571429,5.445,7,younger,30.29370471,SI
20070726,226.43,4.325882353,4.3699991,17,older,30.19860105,SI
20070726,216.1,5.3925,5.61999815,8,younger,30.29116345,SI
20070726,222.01,5.34125,5.79500305,8,younger,30.29116345,SI
20070726,229.7,5.961428571,5.98999635,7,younger,30.29370471,SI
20070726,221.61,5.45,5.62999755,7,younger,30.29370471,SI
20070726,213.96,5.085833333,5.26500275,12,older,30.2817029,SI
20070726,224.66,5.212727273,6.5300006,11,older,30.26837258,SI
20070726,229.33,5.895555556,6.36000155,9,younger,30.25163043,SI
20070726,208.57,5.38,5.98499665,6,younger,30.31661491,SI
20070726,213.09,5.273333333,5.63999755,6,younger,30.31661491,SI
20070726,201.53,5.1675,5.44000185,4,younger,30.38492754,SI
20070726,202.74,5.222,5.61999785,5,younger,30.35271739,SI
20070726,208.03,5.569090909,5.98000275,11,older,30.26837258,SI
20070726,195.58,6.242,6.1699991,5,younger,30.35271739,SI
20070726,215.06,5.574,5.6099994,5,younger,30.35271739,SI
20070726,192.94,5.68,5.64499785,5,younger,30.35271739,SI
20070823,223.84,6.099285714,5.8150006,14,older,30.46349253,SI
20070823,237.6,5.74,5.45499725,9,younger,30.46622694,SI
20070823,192.3,5.342222222,5.8099991,18,older,30.43502531,SI
20070823,229.55,5.17625,5.6299988,8,younger,30.42817486,SI
20070823,216.66,5.221818182,5.27500335,11,older,30.47608284,SI
20070823,208.72,5.066666667,5.8200003,15,older,30.45100152,SI
20070823,235.82,5.451428571,5.81499845,7,younger,30.42090127,SI
20070823,185.62,6.25375,7.06999725,8,younger,30.42817486,SI
20070823,241,5.847777778,6.16999815,9,younger,30.46622694,SI
20070823,213.83,5.445,6.1699991,8,younger,30.42817486,SI
20070823,206.54,5.382857143,5.24999665,7,younger,30.42090127,SI
20070823,238.1,4.9,5.26500245,8,younger,30.42817486,SI
20070823,228.15,5.4675,5.8149994,20,older,30.41666431,SI
20070823,195.44,5.328333333,5.81500365,12,older,30.48337134,SI
20070823,207.52,5.248888889,5.4499991,9,younger,30.46622694,SI
20070823,203.79,5.746363636,5.9949994,11,older,30.47608284,SI
20070823,204.28,5.886666667,6.19000185,6,younger,30.37916667,SI
20070823,206.92,5.53625,5.26499845,8,younger,30.42817486,SI
20070823,206.72,5.512,5.97999635,5,younger,30.29583333,SI
20070823,194.95,5.85,5.99999845,12,older,30.48337134,SI
20070823,217.59,5.349090909,5.26499755,11,older,30.47608284,SI
20070823,223.46,5.74,5.4500003,10,older,30.48141843,SI
20070823,215.73,5.56,5.4400003,12,older,30.48337134,SI
20070823,206.41,5.541875,5.99499695,16,older,30.44040339,SI
20070823,214.58,5.753636364,6.00499815,11,older,30.47608284,SI
20070823,206.88,5.312222222,6.00000245,18,older,30.43502531,SI
20070823,222.48,4.93,5.09999635,13,older,30.47903962,SI
20070823,218.88,5.635833333,5.45499665,12,older,30.48337134,SI
20070823,218.49,5.44375,5.62500275,8,younger,30.42817486,SI
20070823,204.77,5.0925,5.09500335,12,older,30.48337134,SI
20070823,206.04,5.45,5.63000155,10,older,30.48141843,SI
20070823,199.09,5.958,5.8150006,10,older,30.48141843,SI
20070823,227.98,5.973636364,6.1750009,11,older,30.47608284,SI
20070823,214.67,5.007857143,5.62999635,14,older,30.46349253,SI
20070823,214.15,5.481538462,5.8149994,13,older,30.47903962,SI
20070823,225.34,5.651428571,5.81000335,7,younger,30.42090127,SI
20070823,233.98,5.04125,5.27000215,8,younger,30.42817486,SI
20070823,243.83,6.006666667,6.1700067,9,younger,30.46622694,SI
20070823,208.15,5.781666667,5.8149994,12,older,30.48337134,SI
20070823,233.16,5.513636364,5.99499695,11,older,30.47608284,SI
20070823,199.65,5.646666667,5.99000245,9,younger,30.46622694,SI
20070823,245.2,5.611111111,5.8149933,9,younger,30.46622694,SI
20070823,201.04,5.433333333,5.79500245,9,younger,30.46622694,SI
20070823,226.47,6.23,6.3750006,9,younger,30.46622694,SI
20070823,190.53,5.49875,5.63500155,8,younger,30.42817486,SI
20070824,209.07,5.58,5.99000155,8,younger,30.38200483,PI
20070824,220.24,5.021818182,5.99499785,22,older,30.39383843,PI
20070824,214.89,4.53,4.71500365,8,younger,30.38200483,PI
20070824,230.8,5.370666667,5.4450012,15,older,30.43895133,PI
20070824,263.12,5.734,5.99000305,10,older,30.43028207,PI
20070824,224.5,5.535714286,5.61499785,7,younger,30.340625,PI
20070824,182.1,4.662857143,4.8949997,7,younger,30.340625,PI
20070824,207.53,5.711428571,5.81500185,14,older,30.45182587,PI
20070824,193.86,5.346363636,6.3499988,11,older,30.44720301,PI
20070824,199.14,5.565,5.82499665,14,older,30.45182587,PI
20070824,215.28,5.566153846,5.81500185,13,older,30.45390434,PI
20070824,201.7,5.186363636,5.45000305,11,older,30.44720301,PI
20070824,201.86,5.836923077,5.80999785,13,older,30.45390434,PI
20070824,215.89,5.148333333,4.90499845,12,older,30.4449098,PI
20070824,242.59,5.143571429,5.455,14,older,30.45182587,PI
20070824,237.23,4.715555556,4.71500185,9,younger,30.39244071,PI
20070824,221.11,6.067142857,5.98999815,7,younger,30.340625,PI
20070824,218.45,4.808125,5.44499815,16,older,30.42863869,PI
20070824,186.47,4.934,5.08000245,10,older,30.43028207,PI
20070824,208.25,5.22,5.26999665,11,older,30.44720301,PI
20070824,205.42,5.114545455,4.54,22,older,30.39383843,PI
20070824,202.14,5.366428571,5.6249997,14,older,30.45182587,PI
20070824,218.43,4.755,5.2550012,8,younger,30.38200483,PI
20070824,214.02,5.377,5.8099997,10,older,30.43028207,PI
20070824,223.15,5.503333333,5.44499665,12,older,30.4449098,PI
20070824,200.64,4.361428571,4.3600003,14,older,30.45182587,PI
20070824,211.27,4.8325,5.80500245,16,older,30.42863869,PI
20070824,234.47,5.202222222,5.8050009,9,younger,30.39244071,PI
20070824,208.57,5.26875,5.09,8,younger,30.38200483,PI
20070824,222.84,5.242222222,5.62499815,9,younger,30.39244071,PI
20070824,229.55,5.91125,6.3649994,8,younger,30.38200483,PI
20070824,203.12,5.833333333,5.44,12,older,30.4449098,PI
20070824,195.13,5.037777778,5.43999725,9,younger,30.39244071,PI
20070824,209.92,5.065384615,5.63999845,13,older,30.45390434,PI
20070824,197.51,5.325714286,5.27000155,14,older,30.45182587,PI
20070824,214.84,5.805833333,6.71500215,12,older,30.4449098,PI
20070824,203.73,6.396666667,6.18500305,12,older,30.4449098,PI
20070824,234.4,5.378,5.63000185,15,older,30.43895133,PI
20070824,222.24,5.710909091,6.3500012,11,older,30.44720301,PI
20070824,210.57,5.81,5.6300009,7,younger,30.340625,PI
20070824,184.66,6.53,NA,1,younger,30.03541667,PI
20070923,204.46,5.190454545,5.7999988,22,older,30.18106316,PI
20070923,206.92,5.979,6.34000305,10,older,30.08122765,PI
20070923,195.75,5.69,5.625,3,younger,30.07178442,PI
20070923,235.45,4.844444444,4.72499695,9,younger,30.10351708,PI
20070923,202.28,5.326666667,5.80999695,6,younger,30.12194617,PI
20070923,200.12,4.39625,4.89500185,16,older,30.11144944,PI
20070923,196.04,5.068181818,5.4650006,11,older,30.06577812,PI
20070923,243.51,4.553157895,4.72500335,19,older,30.17895386,PI
20070923,201.58,4.23,4.37000365,24,older,30.16936072,PI
20070923,209.68,4.169473684,4.72500245,19,older,30.17895386,PI
20070923,191.88,5.554285714,5.6299997,7,younger,30.1301404,PI
20071023,212.75,4.435652174,5.08000185,23,older,28.77019565,PI
20071023,210.34,5.947,6.1649991,10,older,28.68769763,SI
20071023,235.04,5.317272727,5.63000155,11,older,28.70920894,SI
20071023,232.12,5.162941176,5.07500215,17,older,28.77898982,SI
20071023,206.08,4.402,4.53499695,15,older,28.75117754,SI
20071129,213.88,4.449090909,4.71000155,11,older,26.05025161,SI
20071130,226.33,4.603076923,5.07499785,13,older,26.036674,PI
20071130,219.85,4.44,4.9099991,15,older,26.09327396,PI
20071130,245.32,4.601,4.71000275,10,older,26.03992095,PI
20080225,252.53,5.450909091,5.44999635,11,older,24.27285346,SI
20080225,255,4.247307692,4.3600006,26,older,24.26529411,SI
20080421,240.46,4.468,5.0899997,10,older,25.21173254,PI
20080421,231.82,5.422,5.82000335,10,older,25.21173254,PI
20080421,216.25,5.526153846,5.8050003,13,older,25.303706,PI
20080421,216.2,5.516363636,5.8150009,11,older,25.24200483,PI
20080422,253.09,4.09125,4.7299939,16,older,25.36053863,SI
20080422,253.27,4.775714286,4.9049933,7,younger,24.76717391,SI
20080520,198.6,4.650833333,5.2550003,12,older,26.33443144,SI
20080520,202.01,4.624705882,4.73499785,17,older,26.17944646,SI
20080520,205.61,4.813333333,4.7249988,12,older,26.33443144,SI
20080520,214.03,3.737142857,4.1799997,7,younger,26.38897192,SI
20080520,206.46,4.135,4.3650012,8,younger,26.38417874,SI
20080522,224.94,4.853571429,4.7249997,14,older,26.4620628,PI
20080522,203.17,5.693333333,5.81500155,3,younger,27.05520833,PI
20080522,214.39,5.477,5.44000215,10,older,26.54917655,PI
20080522,232.63,4.053846154,4.5450006,13,older,26.49506729,PI
20080522,227.1,5.905,6.71999665,8,younger,26.63186393,PI
20080522,199.11,5.532,5.82,5,younger,26.90344203,PI
20080522,244.36,5.291428571,5.80999785,7,younger,26.74997736,PI
20080522,209.3,5.81,NA,1,younger,27.29166667,PI
20080617,237.11,5.195714286,6.18499785,14,older,28.21988785,SI
20080617,235.82,5.471666667,5.6199988,12,older,28.19991639,SI
20080617,198.67,4.67,4.90499785,7,younger,28.20923913,SI
20080617,197,5.201111111,5.08000185,9,younger,28.1798913,SI
20080617,224.69,4.98,4.7249997,10,older,28.18550725,SI
20080617,242.31,5.614,5.97499725,10,older,28.18550725,SI
20080617,204.44,5.325833333,5.9899991,12,older,28.19991639,SI
20080617,208.52,5.407142857,5.27500365,7,younger,28.20923913,SI
20080617,197.29,5.905714286,6.16499755,7,younger,28.20923913,SI
20080617,204.57,4.79,4.90500245,11,older,28.1964372,SI
20080617,214.54,5.418,5.99999665,10,older,28.18550725,SI
20080617,231.08,4.360555556,5.08999725,18,older,28.11197287,SI
20080617,218.43,4.413333333,4.535,6,younger,28.23377329,SI
20080617,204.62,4.894666667,5.09000155,15,older,28.20926986,SI
20080617,207,4.181333333,3.80999755,15,older,28.20926986,SI
20080617,219.65,3.94875,3.81000215,8,younger,28.18599034,SI
20080617,212.21,5.82375,6.1850009,8,younger,28.18599034,SI
20080617,224.43,5.77,5.99000185,9,younger,28.1798913,SI
20080617,217.96,5.346666667,5.83500245,9,younger,28.1798913,SI
20080619,213.34,5.401666667,5.46500215,6,younger,28.2952381,PI
20080714,211.16,6.289090909,6.00999635,11,older,29.03320531,SI
20080714,222.07,5.673636364,5.80499635,11,older,29.03320531,SI
20080714,213.64,5.760714286,5.44999665,14,older,29.05323091,SI
20080714,205.04,5.425384615,4.72500275,13,older,29.03203312,SI
20080714,241.24,4.983157895,5.80500305,19,older,29.10558442,SI
20080714,197.91,4.97,5.08999815,3,younger,28.88591897,SI
20080714,226.52,5.756428571,5.8099997,14,older,29.05323091,SI
20080714,248.11,4.813076923,4.90999635,13,older,29.03203312,SI
20080714,207.44,5.300769231,5.80500155,13,older,29.03203312,SI
20080714,221.48,4.647333333,4.7199991,15,older,29.07646648,SI
20080714,207.87,4.992857143,4.91499845,7,younger,28.9754776,SI
20080714,203.73,4.568,4.71500185,5,younger,28.93535903,SI
20080714,212.32,6.29625,6.1599997,8,younger,29.01986898,SI
20080714,202.51,5.377692308,5.42999755,13,older,29.03203312,SI
20080714,235.76,4.359166667,4.90500365,12,older,29.03385618,SI
20080714,227.7,5.447272727,6.16999665,11,older,29.03320531,SI
20080714,224.2,4.939090909,5.06999815,11,older,29.03320531,SI
20080714,222.4,4.943,5.0900009,10,older,29.03405947,SI
20080714,207.12,4.845,5.27000185,6,younger,28.96423631,SI
20080714,203.87,5.611666667,6.00500245,12,older,29.03385618,SI
20080714,232.89,4.265555556,4.36499755,18,older,29.09969984,SI
20080714,189.33,5.618,5.6549997,5,younger,28.93535903,SI
20080714,230.48,6.035,6.3550012,8,younger,29.01986898,SI
20080714,208.15,6.356666667,6.89999845,12,older,29.03385618,SI
20080714,224.73,5.36375,4.91000155,8,younger,29.01986898,SI
20080714,222.36,5.322,5.28499635,10,older,29.03405947,SI
20080714,211.11,5.723333333,5.6250003,9,younger,29.03663208,SI
20080714,208.39,5.123333333,5.62999695,9,younger,29.03663208,SI
20080714,212.12,5.656363636,5.63999695,11,older,29.03320531,SI
20080714,212.49,5.81,5.63,4,younger,28.89373518,SI
20080714,207.12,5.138571429,4.72500365,7,younger,28.9754776,SI
20080714,210.71,5.304,5.6300006,10,older,29.03405947,SI
20080714,239.39,6.175,6.17500275,2,younger,28.89426877,SI
20080714,229.5,4.86375,4.91000365,8,younger,29.01986898,SI
20080714,216.28,5.904545455,6.16999755,11,older,29.03320531,SI
20080714,221.63,5.166666667,4.9050012,9,younger,29.03663208,SI
20080714,220.05,5.176153846,5.6400009,13,older,29.03203312,SI
20080714,214.17,4.928,5.25499635,5,younger,28.93535903,SI
20080714,218.43,4.991333333,6.17999665,15,older,29.07646648,WB
20080714,218.68,4.964285714,5.4500009,21,older,29.10160784,WB
20080715,201.71,5.088,4.9099994,5,younger,28.85102931,PI
20080715,220.54,4.938571429,5.09499785,14,older,29.00573091,PI
20080715,217.91,5.908,6.35499755,15,older,29.02724773,PI
20080715,200.99,5.376363636,6.16500365,11,older,29.00101285,PI
20080715,220.9,5.615,5.28000335,14,older,29.00573091,PI
20080715,223.76,5.056923077,5.26499665,13,older,29.00554502,PI
20080715,212.75,5.071111111,4.72499845,18,older,29.06505072,PI
20080715,217.64,4.746956522,5.08000155,23,older,29.06716679,PI
20080715,197.92,5.446666667,5.62999635,3,younger,28.83007658,PI
20080715,230.32,4.894736842,5.08500275,19,older,29.07658985,PI
20080715,259.05,4.077222222,5.0850006,18,older,29.06505072,PI
20080715,246.58,4.942777778,5.085,18,older,29.06505072,PI
20080715,250.54,4.643333333,5.0999951,12,older,29.00276644,PI
20080715,230.16,5.28,5.8249988,18,older,29.06505072,PI
20080715,184.68,5.793,5.42999665,10,older,29.00034735,PI
20080715,218.87,5.173846154,4.90499635,13,older,29.00554502,PI
20080715,201.83,4.996470588,5.2650003,17,older,29.05940539,PI
20080715,215.58,5.238695652,5.98500155,23,older,29.06716679,PI
20080715,194.86,5.422916667,6.1800006,24,older,29.04148012,PI
20080715,231.62,4.454,4.17999785,20,older,29.08329468,PI
20080715,225.81,4.31125,4.9000003,16,older,29.05064492,PI
20080715,230.07,4.962173913,6.17999635,23,older,29.06716679,PI
20080715,257.34,5.185333333,5.27000245,15,older,29.02724773,PI
20080715,187.2,5.258666667,5.4550003,15,older,29.02724773,PI
20080715,216.02,4.646,4.90000365,5,younger,28.85102931,PI
20080715,199.14,5.024,5.0950009,15,older,29.02724773,PI
20080715,229.24,4.523,5.08500185,20,older,29.08329468,PI
20080715,215.4,5.408333333,5.8,12,older,29.00276644,PI
20080715,217.77,4.294583333,5.07999635,24,older,29.04148012,PI
20080715,210.52,5.346363636,5.6299994,11,older,29.00101285,PI
20080715,216.44,5.62,5.61999635,2,younger,28.82343544,PI
20080715,209.04,4.8625,5.0900006,8,younger,28.93792454,PI
20080811,237.99,5.169375,5.61999785,16,older,29.65112349,SI
20080811,203.86,5.536315789,6.34500155,19,older,29.64425207,SI
20080811,212.35,5.252941176,4.71999665,17,older,29.62968427,SI
20080811,240.91,5.006666667,5.43999665,15,older,29.67983954,SI
20080811,200.42,5.179047619,5.2750006,21,older,29.63909279,SI
20080811,209.32,5.01125,5.25999815,16,older,29.65112349,SI
20080811,224.36,5.277692308,5.80999785,13,older,29.7085071,SI
20080811,196.3,5.104166667,5.63500365,24,older,29.59573499,SI
20080811,217.06,5.171666667,5.8049991,12,older,29.70884098,SI
20080811,238.79,4.468888889,4.8950009,18,older,29.63513948,SI
20080811,238.15,4.738947368,5.08500365,19,older,29.64425207,SI
20080811,209.96,5.284090909,5.99499845,22,older,29.6334076,SI
20080811,232.74,4.63625,4.5450009,16,older,29.65112349,SI
20080811,222.61,5.658333333,6.55000335,18,older,29.63513948,SI
20080811,216.22,5.1,5.26000275,17,older,29.62968427,SI
20080811,232.27,4.614285714,4.53499815,21,older,29.63909279,SI
20080811,218.03,4.135172414,4.91000305,29,older,29.45242573,SI
20080811,228.35,4.8545,5.82000275,20,older,29.64492261,SI
20080811,225.13,4.744666667,5.08500155,15,older,29.67983954,SI
20080811,212.21,5.787857143,6.1749988,14,older,29.69432885,SI
20080811,239.42,4.325238095,4.3599997,21,older,29.63909279,SI
20080811,250.48,4.816875,5.09000185,16,older,29.65112349,SI
20080811,200.93,4.638235294,4.72500245,17,older,29.62968427,SI
20080811,198.81,6.066666667,6.00500365,3,younger,29.703125,SI
20080811,249.18,5.292857143,5.4499933,14,older,29.69432885,SI
20080811,211.37,5.473571429,6.17000335,14,older,29.69432885,SI
20080811,224.28,5.004736842,4.35500275,19,older,29.64425207,SI
20080811,231.06,5.06,5.08499785,14,older,29.69432885,SI
20080811,222.78,4.506666667,4.72499785,15,older,29.67983954,SI
20080811,208.75,5.508,5.98000335,5,younger,29.63541667,SI
20080811,214.44,4.858695652,5.80500155,23,older,29.62541839,SI
20080811,207.26,5.887142857,5.81999695,21,older,29.63909279,SI
20080811,216.06,4.757,5.44499845,20,older,29.64492261,SI
20080811,214.32,5.7125,5.7999991,4,younger,29.67916667,SI
20080811,210.47,5.070526316,5.27500215,19,older,29.64425207,SI
20080811,194.53,5.795,5.79499755,2,younger,29.72916667,SI
20080811,235.19,4.984,5.4450009,15,older,29.67983954,WB
20080811,192.44,4.830869565,5.0850003,23,older,29.62541839,WB
20080812,210.84,4.836521739,5.6350003,23,older,29.62750173,PI
20080812,225.8,4.681052632,5.2650009,19,older,29.62796584,PI
20080812,239.91,5.222941176,6.33999815,17,older,29.64226478,PI
20080812,213.38,4.838571429,5.62500245,21,older,29.63795643,PI
20080812,227.21,5.747222222,5.6300006,18,older,29.62242018,PI
20080812,235.97,4.633529412,4.90000215,17,older,29.64226478,PI
20080812,192.43,6.282727273,6.17999665,11,older,29.67941468,PI
20080812,253.99,4.846428571,5.07999695,14,older,29.69405107,PI
20080812,207.13,4.9415,4.9050012,20,older,29.6369861,PI
20080812,240.43,4.76,5.6300012,19,older,29.62796584,PI
20080812,220.25,3.9544,4.1800003,25,older,29.59173236,PI
20080812,235.68,4.514117647,4.72500245,17,older,29.64226478,PI
20080812,230.72,5.765833333,5.97999635,12,older,29.69381868,PI
20080812,216.2,4.670625,4.89500275,16,older,29.66877055,PI
20080812,221.75,4.383529412,4.9049988,17,older,29.64226478,PI
20080812,193.6,4.606,4.5450012,25,older,29.59173236,PI
20080812,205.76,5.175714286,4.72500335,21,older,29.63795643,PI
20080812,199.78,4.618846154,4.36499725,26,older,29.55719009,PI
20080812,210.26,4.573333333,4.91499815,21,older,29.63795643,PI
20080812,230.88,5.409,5.9900003,10,older,29.67375541,PI
20080812,238.95,5.291428571,5.26499785,14,older,29.69405107,PI
20080812,197.48,5.07,5.24999785,3,younger,29.66979167,PI
20080812,247.49,4.728095238,5.79999815,21,older,29.63795643,PI
20080812,225.37,4.395,4.72500365,22,older,29.63268296,PI
20080812,225.26,4.880869565,5.45000185,23,older,29.62750173,PI
20080812,237.73,4.542,5.07500245,15,older,29.68166246,PI
20080812,219.05,5.461176471,6.5300003,17,older,29.64226478,PI
20080812,226.69,3.965833333,4.54000215,12,older,29.69381868,PI
20080812,248.19,4.27,4.5449994,16,older,29.66877055,PI
20080812,214.48,5.006818182,5.27000215,22,older,29.63268296,PI
20080812,202.89,4.685454545,4.9000012,22,older,29.63268296,PI
20080812,215.63,4.756,4.7250009,25,older,29.59173236,PI
20080812,234.27,4.310869565,4.35499785,23,older,29.62750173,PI
20080812,233.8,5.545,5.63500365,16,older,29.66877055,PI
20080812,213.86,4.472222222,4.90999635,27,older,29.52121901,PI
20080812,233.95,4.656363636,4.7199997,22,older,29.63268296,PI
20080812,208.32,4.749565217,5.25999815,23,older,29.62750173,PI